,day,False,True,percent_clicked
0,1 - Monday,81,32,28.31858407079646
1,2 - Tuesday,74,45,37.81512605042017
2,3 - Wednesday,89,35,28.225806451612907
3,4 - Thursday,87,29,25.0
4,5 - Friday,90,38,29.6875
5,6 - Saturday,75,42,35.8974358974359
6,7 - Sunday,75,34,31.19266055045872
