,utm_source,False,True,percent_clicked
0,email,175,80,0.3137254901960784
1,facebook,324,180,0.35714285714285715
2,google,441,239,0.3514705882352941
3,twitter,149,66,0.30697674418604654
