,day,False,True,percent_clicked
0,1 - Monday,70,43,38.05309734513274
1,2 - Tuesday,76,43,36.134453781512605
2,3 - Wednesday,86,38,30.64516129032258
3,4 - Thursday,69,47,40.51724137931034
4,5 - Friday,77,51,39.84375
5,6 - Saturday,73,45,38.13559322033898
6,7 - Sunday,66,43,39.44954128440367
