,experimental_group,False,True,percent_clicked
0,A,517,310,0.37484885126964934
1,B,571,255,0.30871670702179177
